customer_id,age,annual_income,spending_score,purchase_frequency,average_purchase_value
1,48,128771,40,3,77.54
2,44,44157,72,8,98.27
3,18,48539,69,14,41.08
4,24,35052,71,9,74.34
5,26,87864,81,14,204.91
6,26,66988,93,13,153.8
7,47,91735,92,12,252.13
8,56,57012,62,7,144.22
9,21,41861,83,5,47.25
10,18,32306,79,15,66.11
11,48,69298,63,12,193.44
12,40,35191,49,3,126.74
13,43,48721,44,4,108.43
14,43,75214,85,10,152.25
15,34,74471,74,8,248.77
16,35,79504,82,12,172.27
17,51,108635,25,3,93.12
18,18,19848,86,15,61.26
19,51,100603,61,6,96.8
20,35,66084,32,2,64.44
21,23,24185,90,13,64.88
22,47,91161,71,17,198.86
23,35,91574,21,1,123.15
24,64,69826,36,3,87.82
25,39,79448,30,2,106.76
26,40,57133,39,5,128.88
27,39,75337,81,14,121.57
28,32,28374,77,8,37.93
29,18,35481,73,7,74.58
30,22,89009,68,10,181.66
31,22,31154,82,8,77.54
32,26,97947,94,5,152.11
33,40,86954,84,10,183.03
34,39,74013,53,7,99.7
35,36,54809,55,5,117.24
36,59,70453,46,8,99.8
37,25,76854,11,3,100.46
38,48,94904,78,14,102.61
39,30,42709,52,13,70.08
40,41,106390,53,4,106.21
41,31,77252,88,9,182.5
42,40,103622,33,6,87.25
43,33,75319,76,13,206.49
44,32,70435,66,7,156.92
45,37,72596,12,7,116.36
46,28,37800,56,17,66.94
47,46,108064,35,4,80.24
48,31,53820,86,15,57.33
49,21,33742,71,13,39.61
50,47,87630,76,9,122.08
51,47,60880,35,3,101.61
52,55,56885,32,6,103.18
53,18,59348,47,7,156.22
54,50,56773,37,11,111.48
55,28,34759,72,10,56.4
56,35,59607,43,5,112.66
57,33,112560,53,15,223.61
58,18,84860,76,8,152.78
59,26,116284,89,16,205.26
60,34,85559,35,2,117.82
61,43,88253,37,5,90.98
62,57,75541,36,5,92.26
63,43,44987,61,6,96.93
64,55,82322,16,1,115.15
65,32,126586,9,7,105.28
66,27,29551,75,10,81.55
67,36,92255,76,12,190.77
68,25,43822,59,6,105.4
69,35,95214,75,10,186.85
70,31,64899,30,8,121.81
71,42,71792,70,8,63.98
72,25,80628,80,14,154.6
73,36,78669,74,8,147.69
74,28,48290,63,4,175.81
75,31,36848,60,12,56.37
76,29,60601,69,13,54.45
77,40,81250,42,10,127.69
78,31,99486,90,14,125.04
79,38,90545,29,5,104.44
80,24,95703,86,14,217.83
81,48,65510,49,3,120.74
82,29,37716,55,7,80.8
83,45,107267,30,4,123.46
84,31,91442,75,11,169.18
85,47,86383,43,2,95.33
86,41,121046,32,6,62.86
87,30,43896,71,13,57.24
88,38,57989,66,9,86.8
89,54,53726,45,5,76.39
90,36,76925,22,4,105.86
91,47,75025,90,11,178.27
92,33,23773,75,10,72.39
93,43,89464,42,5,94.42
94,24,28626,84,14,56.44
95,33,65657,43,7,115.07
96,30,122855,48,3,90.31
97,30,38345,78,16,62.35
98,37,70172,23,4,144.86
99,31,93357,80,16,268.44
100,31,82658,90,14,244.63
101,40,84611,86,15,208.72
102,32,45667,84,14,74.73
103,43,97641,42,2,109.22
104,25,35287,85,11,65.7
105,28,68955,58,10,102.31
106,37,93741,96,12,189.77
107,51,98359,26,4,126.84
108,31,61596,42,8,71.92
109,31,95658,96,12,160.57
110,50,68280,58,13,162.43
111,35,107750,32,3,67.99
112,42,99753,79,18,142.55
113,26,51697,49,6,103.97
114,43,44982,67,6,137.93
115,30,39568,77,11,74.64
116,52,62358,59,6,146.0
117,34,81611,50,3,113.2
118,30,102610,73,11,113.87
119,36,30913,31,8,129.65
120,31,25330,69,10,47.62
121,54,70528,47,6,115.21
122,22,57034,42,4,102.97
123,63,106535,24,5,134.98
124,42,90894,74,14,193.77
125,42,99528,90,10,226.11
126,47,132355,23,7,104.95
127,34,54193,46,7,123.07
128,35,59708,76,9,120.91
129,35,91800,86,9,170.99
130,18,38992,78,9,88.61
131,33,68641,32,6,142.1
132,31,106180,80,11,210.93
133,40,66354,95,16,158.11
134,49,103893,33,3,83.21
135,40,74073,57,5,129.29
136,18,115678,13,3,72.01
137,19,46608,64,11,64.3
138,31,35768,55,13,57.59
139,29,87294,45,6,91.28
140,37,56140,75,7,120.75
141,49,62865,47,6,108.21
142,45,108097,31,5,97.98
143,46,59032,39,5,124.95
144,18,132591,29,6,74.0
145,51,76039,24,8,95.23
146,37,103051,85,12,192.77
147,45,34424,72,13,81.58
148,36,41387,56,15,47.8
149,37,78686,79,13,191.25
150,49,124047,35,4,124.1
151,51,45269,57,7,102.56
152,46,87749,81,11,180.55
153,26,68399,96,9,145.3
154,23,83499,17,7,125.25
155,34,87029,62,5,47.51
156,53,69156,64,15,265.39
157,38,40639,77,13,76.38
158,43,61250,49,4,102.98
159,21,88525,70,9,186.3
160,38,44183,51,7,79.11
161,35,90957,36,2,102.63
162,19,28986,74,5,71.61
163,28,40525,73,14,66.88
164,25,36223,77,10,65.61
165,29,80056,66,17,136.46
166,34,51379,61,5,141.19
167,38,100022,22,8,70.31
168,37,99507,84,11,175.46
169,35,87795,90,19,160.49
170,18,34117,100,8,89.59
171,40,29464,77,15,59.31
172,33,81275,70,10,137.16
173,28,27300,73,5,69.96
174,42,60094,84,16,137.66
175,40,39190,62,10,73.37
176,36,98081,71,13,130.52
177,27,25961,61,14,81.37
178,51,75338,27,6,103.54
179,61,64720,52,5,113.34
180,34,100622,90,10,133.41
181,27,104144,19,1,109.71
182,55,89909,88,12,176.54
183,48,56517,53,7,93.3
184,49,57900,41,7,87.54
185,45,94836,41,5,99.37
186,34,48902,77,10,45.32
187,30,56337,43,6,111.42
188,32,34295,76,10,35.37
189,21,33559,55,12,87.96
190,45,86798,95,12,168.2
191,30,85463,76,13,185.62
192,40,65243,64,8,72.88
193,18,71212,34,6,80.75
194,18,40415,79,8,26.13
195,40,102052,15,4,99.62
196,51,97152,20,6,96.04
197,28,25667,65,7,62.41
198,55,43537,31,9,104.77
199,34,72479,43,10,126.95
200,36,85888,43,7,117.48
201,37,50615,70,8,71.9
202,30,120201,81,11,186.46
203,24,75426,92,10,143.36
204,45,74228,59,8,91.08
205,18,50013,66,9,84.92
206,39,96838,100,10,212.47
207,35,94029,95,14,198.84
208,36,31350,60,7,35.5
209,51,73452,78,11,190.76
210,42,102907,74,11,189.89
211,26,51073,76,12,74.94
212,36,36810,54,11,55.23
213,24,40864,85,10,69.63
214,49,93611,100,14,118.37
215,33,38812,85,12,62.92
216,25,86865,71,10,200.6
217,62,102104,18,5,129.92
218,24,33660,70,8,74.72
219,27,39195,59,9,75.84
220,37,80724,45,6,133.31
221,18,17392,52,14,56.72
222,46,29358,72,15,95.09
223,51,108125,90,14,207.24
224,39,80272,30,4,88.67
225,52,112195,31,7,71.46
226,33,79248,61,12,175.74
227,54,67570,38,10,140.53
228,51,90923,20,3,127.22
229,57,78519,44,4,113.52
230,18,38232,68,9,41.08
231,45,53608,36,1,109.31
232,40,51613,65,8,72.03
233,21,38018,79,14,63.5
234,43,79196,22,4,109.18
235,42,77952,95,11,179.25
236,23,15000,81,12,60.78
237,46,104287,14,3,119.86
238,25,94403,66,13,178.75
239,18,46647,61,8,68.01
240,44,74763,81,13,204.26
241,42,55596,40,6,83.2
242,18,65239,61,1,84.76
243,46,84690,50,5,105.43
244,59,83373,22,3,76.17
245,36,114370,83,11,169.79
246,26,70597,49,6,189.83
247,48,81468,26,6,102.83
248,27,71031,42,10,137.0
249,36,75372,51,8,122.12
250,32,52277,62,5,99.91
251,35,102625,51,2,100.61
252,59,93566,35,2,110.71
253,38,71829,64,11,124.49
254,48,98499,26,5,92.61
255,36,109764,70,15,226.1
256,27,15000,63,14,64.66
257,31,53943,60,7,104.03
258,25,31082,59,15,60.17
259,37,50213,82,9,71.06
260,35,76444,83,8,221.57
261,25,37012,73,9,73.8
262,36,70456,34,6,158.47
263,27,79834,85,13,192.27
264,31,41347,83,11,61.38
265,46,82799,48,4,137.68
266,27,15000,80,8,63.64
267,30,36905,79,9,72.7
268,26,42388,77,7,81.29
269,40,109545,34,8,94.41
270,42,94650,27,6,59.59
271,31,47186,61,9,107.39
272,38,60841,64,4,115.96
273,49,66013,52,8,42.42
274,46,52151,28,7,144.34
275,27,44529,89,14,89.6
276,33,35754,51,9,52.35
277,60,57889,51,7,111.09
278,40,28774,72,8,45.2
279,24,34630,65,8,43.91
280,39,41943,59,6,73.56
281,37,50974,54,9,63.12
282,46,92118,37,4,81.2
283,42,80672,41,4,147.53
284,35,79374,65,7,124.56
285,30,40087,51,13,57.75
286,36,114183,89,11,148.81
287,23,82055,28,2,96.72
288,29,32751,62,11,71.63
289,34,120397,29,4,117.71
290,30,44531,73,8,70.42
291,26,91628,80,11,175.5
292,20,81769,81,12,144.03
293,51,49606,62,7,93.84
294,63,73515,39,6,83.23
295,46,86249,83,13,175.3
296,34,42935,49,14,40.06
297,49,73520,37,5,82.36
298,33,85379,88,16,228.85
299,24,32908,50,8,79.47
300,48,71485,74,12,189.81
301,29,96361,75,12,199.12
302,28,30636,69,10,59.45
303,26,50986,77,9,75.45
304,26,46731,74,10,71.72
305,18,23732,56,10,90.99
306,60,67657,56,2,96.43
307,22,28792,68,9,35.31
308,52,75691,32,8,77.02
309,18,56568,63,10,79.26
310,50,86624,29,9,62.43
311,48,103418,41,4,107.7
312,32,94037,77,14,167.06
313,38,89561,91,12,117.94
314,51,49131,42,5,144.36
315,21,97653,63,6,108.63
316,30,40211,78,12,66.34
317,43,92277,28,6,114.84
318,18,99839,82,12,166.4
319,44,104213,72,13,145.99
320,31,83719,39,6,112.83
321,33,40162,62,11,77.01
322,33,46889,78,11,81.05
323,28,26181,68,8,54.87
324,44,80736,27,1,105.33
325,40,50195,58,8,69.81
326,23,27309,59,12,62.09
327,26,15000,78,6,65.9
328,30,48607,54,1,67.76
329,63,117301,32,3,120.18
330,27,97145,85,15,276.59
331,49,85839,30,1,82.63
332,36,53711,52,4,138.03
333,35,89860,77,12,208.88
334,28,80128,77,8,151.33
335,31,103116,83,13,209.78
336,34,95857,79,13,159.6
337,18,58389,67,8,134.13
338,37,35887,72,8,60.26
339,51,116670,29,3,100.01
340,40,68342,57,10,137.28
341,40,92340,25,7,108.17
342,48,106200,19,6,98.11
343,40,73922,64,14,193.17
344,36,79346,41,2,141.07
345,36,106491,27,5,86.4
346,27,35409,58,12,57.3
347,26,25057,39,9,101.19
348,41,89711,77,12,199.15
349,33,115058,37,5,110.96
350,28,41729,77,9,56.4
351,29,50490,55,6,67.47
352,40,62080,53,6,147.25
353,18,26715,69,5,62.36
354,48,90313,82,8,158.43
355,32,85234,93,14,141.1
356,30,39982,84,15,49.77
357,29,71136,78,13,214.56
358,27,31802,72,7,96.34
359,26,62217,74,6,105.25
360,25,33196,86,3,88.0
361,31,90200,26,5,60.05
362,31,55243,54,11,55.07
363,49,95345,24,5,145.11
364,27,42198,54,7,72.09
365,53,64267,46,6,78.74
366,51,110882,25,3,106.65
367,36,59206,75,6,101.04
368,34,68930,48,5,143.03
369,46,80994,61,15,156.04
370,41,60448,89,8,205.58
371,35,75691,76,14,183.71
372,40,119647,64,17,183.65
373,28,70045,78,15,175.54
374,39,20488,70,6,70.45
375,42,83689,54,13,195.29
376,49,117244,19,5,129.81
377,24,63836,44,6,118.69
378,31,79864,80,9,142.0
379,46,46214,58,7,66.85
380,38,116494,20,3,111.55
381,41,86227,74,16,240.86
382,35,35853,60,8,72.84
383,31,49016,78,5,80.78
384,31,55392,53,10,187.75
385,32,33168,76,13,60.19
386,56,62761,56,7,120.54
387,53,83889,24,2,110.99
388,41,96867,97,12,203.41
389,30,55355,58,8,102.65
390,39,41786,46,8,124.38
391,45,60597,50,5,127.47
392,49,103856,25,1,127.43
393,40,79470,37,3,126.5
394,46,68203,34,8,116.53
395,41,97581,12,5,74.27
396,28,41732,63,5,148.34
397,35,39512,37,8,106.1
398,40,97880,35,6,136.21
399,37,44087,45,7,85.91
400,31,64125,49,6,91.04
401,33,76137,89,15,115.38
402,32,42042,42,6,73.76
403,22,24960,72,10,54.17
404,42,53440,47,9,143.51
405,32,109935,38,2,120.47
406,54,46529,39,8,116.79
407,51,101131,34,1,126.18
408,44,86559,80,7,198.0
409,45,59254,63,5,124.12
410,27,89647,78,13,167.07
411,44,109869,26,1,143.74
412,52,44493,58,5,116.59
413,43,57187,41,5,87.1
414,22,34328,61,12,87.31
415,24,37394,76,11,66.14
416,52,103680,18,6,122.18
417,37,95683,37,4,126.82
418,69,80852,16,5,118.04
419,26,49533,54,12,55.91
420,55,83910,41,5,131.49
421,37,59455,50,2,109.65
422,34,54083,67,3,130.33
423,33,85804,88,13,199.97
424,55,89036,24,2,79.36
425,59,108670,66,8,196.87
426,32,40489,67,10,69.92
427,46,55053,28,2,104.38
428,67,64410,46,8,122.07
429,49,105923,51,2,111.84
430,28,98333,71,11,169.67
431,43,103777,68,12,155.16
432,29,57396,46,11,120.82
433,18,29352,82,16,41.21
434,20,118064,84,9,198.71
435,18,90051,83,15,144.51
436,29,25746,73,7,58.88
437,27,99767,89,11,181.34
438,27,56404,49,11,82.2
439,38,44969,73,15,70.58
440,38,89203,92,15,158.1
441,24,86955,72,12,223.31
442,36,59486,51,8,53.83
443,39,98803,42,3,53.09
444,51,83563,18,3,95.39
445,35,33533,61,9,126.29
446,30,57582,50,7,126.71
447,33,60984,55,9,127.61
448,47,61006,67,7,88.47
449,59,107562,26,3,107.41
450,39,92959,83,17,217.5
451,42,71296,38,7,155.23
452,26,26524,62,7,53.23
453,41,69700,30,6,77.31
454,54,66130,62,5,131.36
455,26,103354,82,14,138.85
456,36,105750,21,5,65.82
457,42,71512,86,14,155.61
458,51,99688,25,2,50.93
459,38,66528,81,11,203.77
460,33,85058,87,13,191.07
461,39,66966,88,14,144.42
462,26,34607,68,11,86.47
463,36,21878,77,14,70.8
464,36,55123,82,11,80.68
465,41,60287,46,9,89.54
466,60,103998,16,5,47.5
467,51,110934,24,4,148.85
468,35,47293,68,10,110.09
469,43,110122,73,11,223.08
470,55,66755,39,10,96.73
471,32,95135,96,15,194.52
472,44,60522,57,1,102.58
473,37,72735,84,11,241.44
474,54,54410,48,6,98.71
475,29,27417,56,12,74.44
476,33,70744,42,7,130.51
477,35,96821,75,11,172.79
478,23,33232,51,9,60.73
479,38,57102,49,7,131.86
480,23,22968,57,9,59.72
481,23,22039,65,11,73.93
482,24,30870,59,10,52.27
483,51,62854,26,5,104.6
484,47,38498,58,10,38.36
485,27,26669,81,8,63.25
486,34,80866,46,10,130.35
487,39,95531,84,6,170.24
488,53,94120,16,4,142.6
489,51,59256,61,5,67.4
490,32,78755,47,6,102.5
491,64,124267,52,4,107.39
492,18,49769,56,11,48.54
493,39,79929,24,3,86.29
494,42,73427,82,16,162.04
495,38,90851,42,4,86.72
496,50,75159,37,5,92.3
497,22,26133,76,14,55.44
498,39,58695,74,12,148.16
499,32,51987,54,6,54.04
500,21,52718,55,1,97.51
